pesel,imie,nazwisko,data urodzenia,plec
76923356329,Marlene,SMITH,1965-12-21,kobieta
66506960763,Earline,JOHNSON,1964-09-21,kobieta
67660490827,Frances,WILLIAMS,2001-12-09,kobieta
36560691536,Arnold,BROWN,1966-10-15,mezczyzna
94267659807,Eloisa,JONES,1978-01-15,kobieta
61576017626,Rosalind,MILLER,1972-03-25,kobieta
80101879360,Robbie,DAVIS,1968-11-19,mezczyzna
28263012925,Kathleen,GARCIA,1998-06-17,kobieta
86180143301,Nicholas,RODRIGUEZ,1996-06-22,mezczyzna
16080985043,Vada,WILSON,1988-02-21,kobieta
35545691030,Jayne,MARTINEZ,1971-06-08,kobieta
37790481084,Clarice,ANDERSON,1972-06-25,kobieta
56025786828,Petra,TAYLOR,1990-12-26,kobieta
97821254967,Rosevelt,THOMAS,1994-06-22,mezczyzna
32721068534,Hugo,HERNANDEZ,1974-12-29,mezczyzna
98914295947,Nora,MOORE,1984-03-21,kobieta
95837550333,Annie,MARTIN,1990-09-23,kobieta
33144531168,Angelina,JACKSON,1977-06-13,kobieta
26024295118,Ian,THOMPSON,1982-02-21,mezczyzna
27348769070,Agnes,WHITE,1996-05-15,kobieta
60744204662,David,LOPEZ,1997-04-29,mezczyzna
25032550135,Anna,LEE,1987-07-21,kobieta
61754368475,Delia,GONZALEZ,1962-05-01,kobieta
60120737382,Harriette,HARRIS,1967-01-04,kobieta
77781416402,Nico,CLARK,1995-02-17,mezczyzna
14079267069,Amelia,LEWIS,1974-07-07,kobieta
90825191276,Ezra,ROBINSON,1980-11-25,mezczyzna
14754114159,Alysha,WALKER,1982-12-19,kobieta
49475767911,America,PEREZ,1999-06-21,kobieta
82766318368,Lois,HALL,1980-04-20,kobieta
56584216859,Amir,YOUNG,1985-10-01,mezczyzna
32399043211,Karl,ALLEN,1998-07-19,mezczyzna
74414815798,Chance,SANCHEZ,1982-04-28,mezczyzna
40954870575,Hazle,WRIGHT,1977-05-28,kobieta
20147964651,Anita,KING,1968-10-15,kobieta
14805914958,Gonzalo,SCOTT,1989-11-06,mezczyzna
31277410548,Patricia,GREEN,1992-05-30,kobieta
59465263939,Lowell,BAKER,1986-09-23,mezczyzna
28068913782,Freida,ADAMS,1994-05-08,kobieta
96983991813,Hector,NELSON,1973-12-15,mezczyzna
12783408200,Ismael,HILL,1983-02-27,mezczyzna
16726180944,Guadalupe,RAMIREZ,1998-09-06,kobieta
66002902110,Eura,CAMPBELL,1979-08-26,kobieta
41687278061,Simon,MITCHELL,1980-07-03,mezczyzna
68505758299,Saundra,ROBERTS,1979-01-15,kobieta
73462522966,Ellar,CARTER,1969-05-09,kobieta
90893198357,Freddie,PHILLIPS,1973-02-10,kobieta
52887183289,Alina,EVANS,1966-11-17,kobieta
26172783562,Ronald,TURNER,1981-05-27,mezczyzna
14260813995,Fannie,TORRES,1965-03-08,kobieta
72256220013,Everett,PARKER,1979-05-14,mezczyzna
96706693363,Glennie,COLLINS,1990-06-28,kobieta
56872558929,Pam,EDWARDS,2000-04-01,kobieta
42729653574,Will,STEWART,1976-05-06,mezczyzna
75517489612,Javen,FLORES,1989-04-14,mezczyzna
92754127810,Graham,MORRIS,1972-05-04,mezczyzna
85388793762,Karyn,NGUYEN,1968-11-29,kobieta
19495757866,Jesse,MURPHY,1970-08-15,mezczyzna
71647530055,Burnie,RIVERA,1969-03-26,mezczyzna
99698517012,Mickey,COOK,1981-03-31,mezczyzna
33749054313,Kellen,ROGERS,1987-03-14,mezczyzna
91347641386,Audra,MORGAN,1970-08-24,kobieta
87108167826,Ethyl,PETERSON,1961-12-20,kobieta
70965686379,Grayson,COOPER,1986-07-08,mezczyzna
77520351399,Elsie,REED,1975-01-30,kobieta
14115672658,Coleen,BAILEY,1960-04-29,kobieta
75602935911,Mallie,BELL,1962-04-24,kobieta
40124272895,Erik,GOMEZ,1966-08-08,mezczyzna
21957321476,Gilberto,KELLY,1986-04-12,mezczyzna
34760894475,Elle,HOWARD,1965-09-06,kobieta
15049763488,Yessenia,WARD,2000-10-18,kobieta
13135625843,Johnie,COX,1963-10-26,mezczyzna
58187661377,Shannon,DIAZ,1986-05-12,kobieta
33432658600,Ernest,RICHARDSON,1994-09-11,mezczyzna
75205934269,Carlo,WOOD,1982-07-08,mezczyzna
77222501065,Toni,WATSON,1980-01-29,kobieta
12960386655,Hardin,BROOKS,1984-06-22,mezczyzna
56500223582,Lucien,BENNETT,1974-02-07,mezczyzna
31285804790,Alois,GRAY,1986-12-16,mezczyzna
13242463873,Manuel,JAMES,1993-06-03,mezczyzna
43412861144,Martin,REYES,1972-01-26,mezczyzna
14492006020,Otho,CRUZ,1967-07-05,mezczyzna
94530153931,Marge,HUGHES,2002-09-05,kobieta
29042198674,Alberta,PRICE,1985-07-10,kobieta
37383764582,Carmelo,MYERS,2001-01-23,mezczyzna
39032609853,Lamar,LONG,1990-05-15,mezczyzna
23418444550,Rex,FOSTER,1986-11-18,mezczyzna
29075088261,Jocelyn,SANDERS,1972-05-12,kobieta
81961177326,Salvador,ROSS,1989-06-06,mezczyzna
72447083520,Clora,MORALES,1981-11-19,kobieta
37005699199,Maria,POWELL,1995-09-27,kobieta
75594022334,Hobert,SULLIVAN,1968-11-27,mezczyzna
92316346800,Glendon,RUSSELL,1971-11-04,mezczyzna
95384669450,Alejandro,ORTIZ,1992-08-11,mezczyzna
99157681102,Bertrand,JENKINS,1983-12-25,mezczyzna
98001436503,Benny,GUTIERREZ,1977-06-19,mezczyzna
34495025132,Anna,PERRY,1994-04-11,kobieta
13131065985,Juliet,BUTLER,1972-08-30,kobieta
30797591710,Sidney,BARNES,1980-12-01,kobieta
88079535708,Shawna,FISHER,1988-01-31,kobieta
11029727699,Beverly,HENDERSON,1974-12-24,kobieta
78891505588,Terrance,COLEMAN,1997-09-13,mezczyzna
94933637520,Carmella,SIMMONS,1960-01-02,kobieta
43847969848,Zola,PATTERSON,1969-08-14,kobieta
35076196576,Artis,JORDAN,1975-02-22,mezczyzna
80577279861,Cecil,REYNOLDS,1975-01-16,kobieta
66153743516,Teresa,HAMILTON,1999-10-13,kobieta
16136456111,Worth,GRAHAM,1972-10-08,mezczyzna
60093781732,Veda,KIM,1997-07-19,kobieta
42256313747,Lucia,GONZALES,1971-08-10,kobieta
69113275100,Lorin,ALEXANDER,1971-02-21,mezczyzna
53846229656,Gena,RAMOS,1984-02-25,kobieta
24171980348,Vella,WALLACE,1966-02-28,kobieta
73849898622,Eugenia,GRIFFIN,1998-06-27,kobieta
53702905374,Emily,WEST,1976-06-27,kobieta
43269155794,Mae,COLE,1973-01-23,kobieta
17376103807,Woodrow,HAYES,1964-01-20,mezczyzna
38253399230,Griffin,CHAVEZ,1980-07-09,mezczyzna
17841694465,Quentin,GIBSON,2001-02-10,mezczyzna
84166510430,Solomon,BRYANT,1965-03-31,mezczyzna
54615355050,Marlin,ELLIS,1990-10-10,mezczyzna
97043794096,Clark,STEVENS,1985-05-16,mezczyzna
37310802252,Alvina,MURRAY,1989-12-17,kobieta
63865769259,Shelby,FORD,1981-08-22,kobieta
42555483625,Vester,MARSHALL,1984-07-29,mezczyzna
10090305658,Augustus,OWENS,1979-11-04,mezczyzna
41079672905,Merri,MCDONALD,1983-07-01,kobieta
44484441407,Christian,HARRISON,1980-11-16,kobieta
31921219953,Adrian,RUIZ,1962-11-25,mezczyzna
61540320188,Arnetta,KENNEDY,1963-06-26,kobieta
70525406157,Vernon,WELLS,1966-01-22,mezczyzna
84003863144,Gerry,ALVAREZ,1975-12-15,kobieta
96517102123,Basil,WOODS,1961-10-04,mezczyzna
76089293981,Elizabeth,MENDOZA,2000-06-24,kobieta
44765623952,Brady,CASTILLO,1974-03-19,mezczyzna
98029661070,Louie,OLSON,1962-07-08,mezczyzna
96031744671,Roscoe,WEBB,2000-07-08,mezczyzna
24156776937,Elvis,WASHINGTON,1983-07-16,mezczyzna
50050962493,Linwood,TUCKER,2000-10-15,mezczyzna
88113138888,Isiah,FREEMAN,1962-03-31,mezczyzna
30360563945,Joshua,BURNS,1989-12-17,mezczyzna
40541290591,Katheryn,HENRY,1972-05-11,kobieta
38840573590,Jace,VASQUEZ,1977-07-22,mezczyzna
81123452875,Rico,SNYDER,1997-05-16,mezczyzna
24528795429,George,SIMPSON,2001-03-06,mezczyzna
59768692806,Miles,CRAWFORD,1972-02-27,mezczyzna
11188255448,Jarvis,JIMENEZ,1971-01-10,mezczyzna
40146863740,Reuben,PORTER,1995-02-24,mezczyzna
65687634208,Jerrold,MASON,1985-02-26,mezczyzna
42399872028,Nita,SHAW,1986-05-22,kobieta
83761822912,Denver,GORDON,1994-03-24,mezczyzna
23736768650,Sidney,WAGNER,1996-07-27,kobieta
99363940963,Dana,HUNTER,2000-12-20,mezczyzna
88979248755,Margarita,ROMERO,1997-02-09,kobieta
59743474070,Tyree,HICKS,1980-03-18,mezczyzna
96531413387,Jesus,DIXON,1965-10-23,mezczyzna
66715063348,Gayle,HUNT,1975-10-23,kobieta
22021782981,Myra,PALMER,1972-11-11,kobieta
22687176810,Carly,ROBERTSON,1993-01-20,kobieta
98189450951,Ethan,BLACK,1991-06-09,mezczyzna
17798179342,Jacky,HOLMES,1971-04-13,mezczyzna
63686292733,Therese,STONE,1962-01-17,kobieta
31700520146,Susan,MEYER,1986-07-30,kobieta
46910496084,Zelda,BOYD,1984-06-24,kobieta
35719266778,Lemon,MILLS,1967-02-09,mezczyzna
53041495205,Katrina,WARREN,1967-12-30,kobieta
87748166622,Jesse,FOX,1967-04-29,mezczyzna
10348126833,Corinne,ROSE,1964-06-30,kobieta
89728359158,Jerry,RICE,1968-11-10,mezczyzna
36192638893,Sydney,MORENO,2000-10-01,kobieta
60758706228,Muhammad,SCHMIDT,1978-06-13,mezczyzna
75477283822,Vada,PATEL,1967-04-20,kobieta
17178985908,Lamont,FERGUSON,1975-11-15,mezczyzna
35227067735,Lesley,NICHOLS,1981-06-11,kobieta
15621244298,Duncan,HERRERA,1990-03-19,mezczyzna
23169984318,Graham,MEDINA,1968-07-04,mezczyzna
22753895551,Dorothy,RYAN,1986-04-15,kobieta
95203736925,Eva,FERNANDEZ,1960-12-08,kobieta
11005976180,Vicki,WEAVER,1972-01-03,kobieta
53114726156,Sherri,DANIELS,1994-03-29,kobieta
70388192253,Addison,STEPHENS,1968-01-26,mezczyzna
78149647077,Carolina,GARDNER,1969-07-02,kobieta
92713351731,Godfrey,PAYNE,2002-11-11,mezczyzna
97163332742,Joaquin,KELLEY,2002-08-14,mezczyzna
47291356834,Joshua,DUNN,1970-02-19,mezczyzna
57717675533,Fredrick,PIERCE,1966-03-22,mezczyzna
15331161906,Philip,ARNOLD,1987-05-09,mezczyzna
66646798462,Reta,TRAN,1983-10-11,kobieta
83920471944,Rosie,SPENCER,1971-03-23,kobieta
63577742391,Shayne,PETERS,1964-12-17,mezczyzna
21799979133,Ronnie,HAWKINS,2001-10-18,mezczyzna
56972369489,Ralph,GRANT,1990-09-14,mezczyzna
86060943878,Tracy,HANSEN,1971-04-26,mezczyzna
83227648135,Jim,CASTRO,1999-07-26,mezczyzna
95479738744,Lorenza,HOFFMAN,1993-08-12,mezczyzna
53349968667,Carlee,HART,1969-03-21,kobieta
96533255704,Adda,ELLIOTT,1972-02-14,kobieta
18276925302,Jenifer,CUNNINGHAM,1964-08-08,kobieta
41294344690,Gerard,KNIGHT,1999-05-01,mezczyzna
49746526543,Magnolia,BRADLEY,1985-10-12,kobieta
86811028630,Shelby,CARROLL,1973-02-01,kobieta
99071009551,Lawrence,HUDSON,1964-02-26,mezczyzna
83262330352,Alphonse,DUNCAN,1974-01-28,mezczyzna
84291049937,Tempie,ARMSTRONG,1969-11-24,kobieta
71851882167,Izora,BERRY,2002-05-17,kobieta
17870561243,Ollie,ANDREWS,1983-03-27,kobieta
92415409873,Rosalyn,JOHNSTON,1964-07-28,kobieta
61508059999,August,RAY,1971-10-09,mezczyzna
53436233623,Elvis,LANE,1990-08-06,mezczyzna
86623466340,Tammi,RILEY,1967-03-29,kobieta
51072384947,Michel,CARPENTER,1998-11-13,mezczyzna
64823668020,Pat,PERKINS,1984-08-04,kobieta
38483526984,Randolph,AGUILAR,1983-12-21,mezczyzna
13994179054,Candice,SILVA,1988-04-23,kobieta
87568692062,Draven,RICHARDS,1975-09-14,mezczyzna
47715588910,Renee,WILLIS,1967-02-23,kobieta
76126586243,Darnell,MATTHEWS,1974-12-25,mezczyzna
62195150887,Betty,CHAPMAN,1963-03-02,mezczyzna
17144692639,Betsy,LAWRENCE,1969-11-15,kobieta
13767791246,Claud,GARZA,1987-01-09,mezczyzna
68873841439,Ximena,VARGAS,1976-06-17,kobieta
49991353998,Carrie,WATKINS,1962-10-26,kobieta
49294791859,Jace,WHEELER,1987-04-26,mezczyzna
79072972033,Nellie,LARSON,1990-05-11,kobieta
12897495519,Mahlon,CARLSON,1980-09-11,mezczyzna
47292764931,Quinten,HARPER,1992-05-12,mezczyzna
51720662508,Brandie,GEORGE,1977-08-22,kobieta
26259043669,Lea,GREENE,1966-11-11,kobieta
49480198450,Derik,BURKE,1962-08-22,mezczyzna
86894343079,Margarette,GUZMAN,1960-09-29,kobieta
